Area (mm^2),PowerDensity (W/mm^2)
1.25323e-05,0.00298738
1.25323e-05,0.00299299
