Area (mm^2),PowerDensity (W/mm^2)
1.55235e-05,0.00158982
1.55235e-05,0.00158535
